PEL,500302
IDEA,532822
RELIANCE,500325
HDFCBANK,500180
INFY,500209
TATASTEEL,500470
ADANIENT,512599
TECHM,532755
ICICIBANK,532174
TATAPOWER,500400
BAJFINANCE,500034
SBIN,500112
INDUSINDBK,532187
MAXHEALTH,543220
SAIL,500113
ACC,500410
WIPRO,507685
CANBK,532483
JUBLFOOD,533155
BANKBARODA,532134
TATAMOTORS,500570
KALPATPOWR,522287
SUZLON,532667
TCS,532540
ITC,500875
TTML,532371
BAJAJFINSV,532978
KOTAKBANK,500247
PNB,532461
APLAPOLLO,533758
ONMOBILE,532944
HAL,541154
HINDALCO,500440
HDFC,500010
AXISBANK,532215
IBULHSGFIN,535789
INVENTURE,533506
ADANIPORTS,532921
MAPMYINDIA,543425
YESBANK,532648
EICHERMOT,505200
IRB,532947
SUNPHARMA,524715
HCLTECH,532281
APOLLOHOSP,508869
NTPC,532555
ASHOKLEY,500477
LT,500510
GMRINFRA,532754
PGHH,500459
DIXON,540699
ZEEL,505537
JINDALSTEL,532286
RPOWER,532939
CADILAHC,532321
INDHOTEL,500850
BHEL,500103
MINDTREE,532819
HINDUNILVR,500696
DEEP,541778
LICHSGFIN,500253
UNIONBANK,532477
ALKYLAMINE,506767
NATIONALUM,532234
DHANVARSHA,540268
MARUTI,532500
TV18BRDCST,532800
HBLPOWER,517271
COFORGE,532541
AUBANK,540611
TATAELXSI,500408
IEX,540750
CCL,519600
BOMDYEING,500020
BPCL,500547
KARURVYSYA,590003
DEEPAKNI,506401
PAYTM,543396
NYKAA,543384
VEDL,500295
DALBHARAT,542216
NMDC,526371
RBLBANK,540065
ASIANPAINT,500820
CHOLAFIN,511243
VISHWARAJ,542852
GODREJPROP,533150
IRCTC,542830
CANFINHOME,511196
BEL,500049
GRAPHITE,509488
POLICYBZR,543390
DLF,532868
BALAMINES,530999
SIGACHI,543389
VIPIND,507880
ZOMATO,543320
INDIANB,532814
JSWSTEEL,500228
RELINFRA,500390
IBREALEST,532832
NAUKRI,532777
TITAN,500114
JPPOWER,532627
BANKBEES,590106
HFCL,500183
M&MFIN,532720
LTI,540005
DELTACORP,532848
COALINDIA,533278
POONAWALLA,524000
TATACHEM,500770
GRWRHITECH,500655
HAPPSTMNDS,543227
ADANIGREEN,541450
KPITTECH,542651
BALRAMCHIN,500038
PIIND,523642
IOC,530965
BANKINDIA,532149
APOLLOTRI,538566
MMTC,513377
INDIAMART,542726
AGSTRA,543451
APTUS,543335
ABFRL,535755
ALOKTEXT,521070
KRSNAA,543328
NAVINFLUOR,532504
DRREDDY,500124
DEVYANI,543330
APOLLOTYRE,500877
DISHTV,532839
IDFCFIRSTB,539437
PVR,532689
CHAMBLFERT,500085
LLOYDSTEEL,539992
ONGC,500312
SPANDANA,542759
FSL,532809
PERSISTENT,533179
ULTRACEMCO,532538
TRIDENT,521064
LANCER,539841
AMBUJACEM,500425
SHALPRO,512499
GODREJCP,532424
AARNAV,539562
SPARC,532872
TVSMOTOR,532343
SONACOMS,543300
JINDALPOLY,500227
BIOCON,532523
FORBESCO,502865
DMART,540376
NLCINDIA,513683
BHARTIARTL,532454
CUMMINSIND,500480
IDBI,500116
SRF,503806
FEDERALBNK,500469
WARDINMOBI,538970
BANDHANBNK,541153
IIFL,532636
SUPRIYA,543434
GTLINFRA,532775
TATAMTRDVR,570001
GPIL,532734
HINDPETRO,500104
ANGELONE,543235
ACE,532762
RIIL,523445
MCX,534091
LATENTVIEW,543398
VIRINCHI,532372
M&M,500520
HDFCAMC,541729
TATACOFFEE,532301
LALPATHLAB,539524
PIDILITIND,500331
CIPLA,500087
BATAINDIA,500043
INTELLECT,538835
DCMSRMIND,523369
JAICORPLTD,512237
ANURAS,543275
MADHAVIPL,539894
INDIGO,539448
SEACOAST,542753
SYNCOMF,524470
POLYCAB,542652
KIRLFER,500245
GENUSPOWER,530343
GAIL,532155
PGEL,533581
ZENSARTECH,504067
TEXRAIL,533326
INDIACEM,530005
L&TFH,533519
FLUOROCHEM,542812
SIEMENS,500550
ADANIPOWER,533096
GRAVITA,533282
AUROPHARMA,524804
BRNL,540700
FCL,533333
AARTIIND,524208
GUJGAS,539336
GHCL,500171
IDFC,532659
DREDGECORP,523618
JUBLINGREA,543271
SRTRANSFIN,511218
DEEPAKFERT,500645
LAURUSLABS,540222
GAEL,524226
LTTS,540115
SHARDACROP,538666
TATACONSUM,500800
POWERGRID,532898
POLYPLEX,524051
SADHNANIQ,506642
BCG,532368
HEG,509631
OFSS,532466
SUBEX,532348
SHREECEM,500387
HSCL,500184
ASTEC,533138
ABCAPITAL,540691
CAMS,543232
UBL,532478
HDFCLIFE,540777
LLOYDSME,512455
ELGIEQUIP,522074
PSPPROJECT,540544
LXCHEM,543277
UPL,512070
TANFACIND,506854
OBEROIRLTY,533273
SPICEJET,500285
ABSLAMC,543374
LUXIND,539542
GUJALKALI,530001
ARCFIN,540135
AAVAS,541988
EVERESTIND,508906
TRIL,532928
ABB,500002
MGL,539957
PRINCEPIPE,542907
THINKINK,539310
GOKEX,532630
PONDYOXIDE,532626
CLARA,543435
EXIDEIND,500086
RAIN,500339
DIVISLAB,532488
CMSINFO,543441
RAJESHEXPO,531500
IRFC,543257
BSOFT,532400
GMDCLTD,532181
GRASIM,500300
LODHA,543287
PRAJIND,522205
SPELS,517166
VOLTAS,500575
VAIBHAVGBL,532156
7NR,540615
EASEMYTRIP,543272
NESTLEIND,500790
KABRAEXTRU,524109
SWSOLAR,542760
NBVENTURES,513023
FINOLEXIND,500940
SUNTV,532733
TRENT,500251
VRLLOG,539118
NCLRESE,530557
MOTHERSUMI,517334
CUB,532210
MOL,543331
TGVSL,507753
NAHARPOLY,523391
ICICINIFTY,537007
HAVELLS,517354
YASHO,541167
TIMKEN,522113
NCC,500294
GATI,532345
RVNL,542649
METROPOLIS,542650
KEI,517569
JKPAPER,532162
IOB,532388
PFC,532810
BALKRISIND,502355
UNITDSPR,532432
CYIENT,532175
TOYAMIND,538607
SCI,523598
RAILTEL,543265
VARROC,541578
TAALENT,539956
TATACOMM,500483
ALKA,530889
SBILIFE,540719
GREAVESCOT,501455
DRAGARWQ,526783
NIITLTD,500304
ROUTE,543228
GGL,540936
HPAL,543433
SBICARD,543066
BORORENEW,502219
MEDPLUS,543427
WHIRLPOOL,500238
CGCL,531595
EKI,543284
SMGOLD,542034
ASTRAL,532830
DATAPATTNS,543428
SBC,542725
RELIGARE,532915
HEROMOTOCO,500182
BRIGADE,532929
COCKERILL,500147
TEGA,543413
SARDAEN,504614
TRITURBINE,533655
HINDCOPPER,513599
JPINFRATEC,533207
SINDHUTRAD,532029
DABUR,500096
MTARTECH,543270
ASL,506194
SUDARSCHEM,506655
HONAUT,517174
OLECTRA,532439
WELCORP,532144
KPRMILL,532889
REDINGTON,532805
SUVENPHAR,543064
IGL,532514
AMARAJABAT,500008
J&KBANK,532209
DHANI,532960
LUPIN,500257
MUTHOOTFIN,533398
GSPL,532702
SURATEX,530185
COFFEEDAY,539436
NEULANDLAB,524558
JUSTDIAL,535648
ZENTEC,533339
PARAGMILK,539889
COSMOFE,523100
IONEXCHANG,500214
BAJAJ-AUTO,532977
RTNPOWER,533122
MPHASIS,526299
3IINFOTECH,532628
SUKHJITS,524542
FILATEX,526227
GICRE,540755
SOBHA,532784
SHRIRAMPPS,543419
FRETAIL,540064
IRBINVIT,540526
TANLA,532790
HSIL,500187
GANECOS,514167
FAIRCHEMOR,543252
RECLTD,532955
PARAS,543367
MAHSEAMLES,500265
KITEX,521248
BRITANNIA,500825
ESCORTS,500495
BERGEPAINT,509480
PFOCUS,532748
KALYANKJIL,543278
TINPLATE,504966
SANDUMA,504918
STLTECH,532374
TORNTPHARM,500420
MARICO,531642
SKFINDIA,500472
INFIBEAM,539807
KELLTONTEC,519602
RUPA,533552
KTKBANK,532652
JSWISPL,513446
JISLJALEQS,500219
TINNARUBR,530475
INDUSTOWER,534816
MIRZAINT,526642
HEMIPROP,543242
GOCOLORS,543401
PAGEIND,532827
PENIND,513228
MOSCHIP,532407
GRANULES,532482
TIRUMALCHM,500412
GNFC,500670
NOCIL,500730
AFEL,538351
THERMAX,500411
ZYDUSWELL,531335
SUNTECK,512179
MCLOUD,538891
WABAG,533269
SIYSIL,503811
RAYMOND,500330
RAMAPHO,524037
VALIANTORG,540145
OBCL,541206
DHANUKA,507717
BAJAJCON,533229
SPORTKING,539221
POWERINDIA,543187
VARIMAN,540570
UCOBANK,532505
WAAREERTL,534618
TUNITEX,531411
RANEHOLDIN,505800
SCHAEFFLER,505790
TIMETECHNO,532856
DCW,500117
BHARATFORG,500493
NEOGEN,542665
CHANDRAP,530309
LEMONTREE,541233
HGS,532859
CLEAN,543318
ARSHIYA,506074
HATSUN,531531
MANINFRA,533169
OIL,533106
NIFTYBEES,590103
ARVIND,500101
GRMOVER,531449
MRF,500290
AFFLE,542752
DIAMINESQ,500120
SOUTHBANK,532218
JSL,532508
NILE,530129
PRSMJOHNSN,500338
GLOBUSSPR,533104
WELSPUNIND,514162
TWL,532966
ASAL,520119
AEGISLOG,500003
CROMPTON,539876
DWARKESH,532610
HATHWAY,533162
MFL,543332
MANAPPURAM,531213
DCAL,540701
IOLCP,524164
GLENMARK,532296
AVADHSUGAR,540649
SAFARIND,523025
CHEVIOT,526817
BFUTILITIE,532430
KIRLOSENG,533293
TRIVENI,532356
TATASTLLP,513010
ITDCEM,509496
ICICIPRULI,540133
MAHABANK,532525
TRIGYN,517562
SUPRBPA,532070
VENKYS,523261
HCC,500185
FILATFASH,532022
ICICIGI,540716
VECOPP,890162
CENTRALBK,532885
VTL,502986
PACL,506852
PRAKASH,506022
JINDRILL,511034
MASTEK,523704
SINTEXPLAST,540653
EVEXIA,524444
TARSONS,543399
JBCHEPHARM,506943
SEQUENT,512529
STEELXIND,534748
ADVENZYMES,540025
RADHIKAJWE,540125
IGPL,500199
TNPL,531426
LYKALABS,500259
GUFICBIO,509079
ANDHRAPET,500012
ORIENTCEM,535754
GOLDIAM,526729
KPEL,539686
SUPREMEIND,509930
BDL,541143
RELAXO,530517
TIMEX,500414
AJANTSOY,519216
AKSPINTEX,539300
ANDHRSUGAR,590062
VSSL,534392
JMCPROJECT,522263
BEPL,500052
NAHARCAP,532952
RAMCOCEM,500260
CHEMPLASTS,543336
CENTENKA,500280
PNBGILTS,532366
SOLARINDS,532725
JAMNAAUTO,520051
MINDACORP,538962
COMSYN,539986
EXPLEOSOL,533121
TRANSPEK,506687
TECHNOE,542141
HPL,540136
SSWL,513262
ISEC,541179
VGUARD,532953
KEC,532714
ELECON,505700
DOLLAR,541403
NBCC,534309
HIKAL,524735
SYNGENE,539268
SALZER,517059
AMBALALSA,500009
LGBBROSLTD,500250
SHANKARA,540425
PNCINFRA,539150
SURYAROSNI,500336
BURGERKING,543248
CARTRADE,543333
ASRL,541865
MFSL,500271
RENUKA,532670
SWISSMLTRY,523558
BLACKROSE,514183
HIGHENE,504176
GSFC,500690
WEBELSOLAR,517498
AMBIKCO,531978
RAJOOENG,522257
FCONSUMER,533400
PITTIENG,513519
SONATSOFTW,532221
MOTILALOFS,532892
UTIAMC,543238
RTNINDIA,534597
LINDEINDIA,523457
TIINDIA,540762
ATUL,500027
CCCL,532902
RKFORGE,532527
PETRONET,532522
FINCABLES,500144
PAUSHAKLTD,532742
DECIPHER,524752
INDINFO,509051
CGPOWER,500093
AMBER,540902
RACLGEAR,520073
JPASSOCIAT,532532
VSL,540252
SETFNIFBK,590137
THYROCARE,539871
DBREALTY,533160
JASCH,500220
CHENNPETRO,500110
SOMANYCERA,531548
BHARATRAS,590021
ALLCARGO,532749
TARC,543249
BEML,500048
DHAMPURSUG,500119
MAHACORP,505523
TEJNAKSH,539428
NETWORK18,532798
MOREPENLAB,500288
CENTURYTEX,500040
ONTIC,540386
KNRCON,532942
ACRYSIL,524091
GPTINFRA,533761
ORIENTBELL,530365
SWORDEDGE,512359
EKC,532684
AARTIDRUGS,524348
JCTLTD,500223
ASHOKA,533271
ISHANCH,531109
MTNL,500108
CAMLINFINE,532834
PNBHOUSING,540173
COLPAL,500830
MASFIN,540749
ARTEFACT,531297
MAYUKH,539519
EDELWEISS,532922
SIKA,523606
NILA,530377
ORBTEXP,512626
JPOLYINVST,536773
NAHARSPING,500296
RGL,532923
SOLARA,541540
BOSCHLTD,500530
JKCEMENT,532644
SAINTGOBAIN,515043
ARIHCAPM,511605
BAJAJELEC,500031
AARTISURF,543210
GMM,505255
GENPHARMA,531592
COASTCORP,501831
KPL,539997
BIOGEN,531752
DLINKINDIA,533146
KRBL,530813
SUPREMEX,534733
NAZARA,543280
CYBERTECH,532173
DIGJAMLTD,539979
HUDCO,540530
METROBRAND,543426
NGLFINE,524774
SCHNEIDER,534139
INDOBORAX,524342
MAITHANALL,590078
STAR,532531
LAXMIMACH,500252
HGINFRA,541019
UGROCAP,511742
DBL,540047
BCLENTERPR,539621
STARHFL,539017
CONCOR,531344
ECLERX,532927
RELCAPITAL,500111
TILAK,503663
JINDALSAW,500378
CSBBANK,542867
RCOM,532712
NITINSPIN,532698
MANGCHEFER,530011
EROSMEDIA,533261
ANG,540694
MEGASTAR,541352
CHANDNI,522292
PIXTRANS,500333
RESPONIND,505509
TEJASNET,540595
WOCKPHARMA,532300
SHOPERSTOP,532638
INTENTECH,532326
PRIVISCL,530117
BIRLAPREC,522105
BALMLAWRIE,523319
SFL,540203
DCBBANK,532772
KANSAINER,500165
ABBOTINDIA,500488
SITINET,532795
CESC,500084
SJVN,533206
CAPPL,524742
UFLEX,500148
BLS,540073
SHREEGANES,539470
VAKRANGEE,511431
KPIGLOBAL,542323
ZEEMEDIA,532794
SAWABUSI,531893
SHYAMMETL,543299
BASF,500042
INTLCONV,509709
RCF,524230
PRICOLLTD,540293
SCFL,539252
KIRLPNU,505283
AKSHOPTFBR,532351
FORTIS,532843
KCP,590066
SUMEDHA,530419
RUDRA,539226
KBCGLOBAL,541161
MARKSANS,524404
TATAINVEST,501301
PRECAM,539636
GGENG,540614
UYFINCORP,530579
PRESTIGE,533274
LAOPALA,526947
CONFIPET,526829
GTL,500160
ASMTEC,526433
NEWGEN,540900
RAMINFO,530951
EMPIND,509525
DEN,533137
BNRSEC,523019
TBZ,534369
MIC,532850
JKLAKSHMI,500380
TIGERLOGS,536264
GUJTHEM,506879
GREENPOWER,533263
VAMA,512175
HINDOILEXP,500186
RASANDIK,522207
VEDAVAAG,533056
MHRIL,533088
MIDHANI,541195
BANSWRAS,503722
PANAMAPET,524820
SHREYAS,520151
TTKPRESTIG,517506
IIFLSEC,542773
BCLIL,524332
ABMKNO,531161
PPL,542684
GKP,542666
NAM-INDIA,540767
GANESHBE,500153
KHAICHEM,507794
INOXLEISUR,532706
SUMICHEM,542920
SUTLEJTEX,532782
KRITINUT,533210
RNBDENIMS,538119
PHOENIXLTD,503100
KMCSHIL,524520
CEREBRAINT,532413
KOPRAN,524280
SHILPAMED,530549
ECORECO,530643
EIDPARRY,500125
RADICO,532497
A2ZINFRA,533292
NH,539551
ASAHIINDIA,515030
TCI,532349
ZODIAC,543416
FCSSOFT,532666
APARINDS,532259
USHAMART,517146
QUESS,539978
BLIL,532485
MSTC,542597
DATAMATICS,532528
BAJAJHIND,500032
TORNTPOWER,532779
ALKOSIGN,543453
STARPAPER,516022
LOKESHMACH,532740
INDIAGLYCO,500201
RAJPALAYAM,532503
GULPOLY,532457
DAAWAT,532783
ELECTCAST,500128
KKCL,532732
CASTROLIND,500870
SHILCTECH,531201
PCBL,506590
GLAND,543245
BLUEDART,526612
MODULEX,504273
TALBROAUTO,505160
ROHITFERRO,532731
TIDEWATER,590005
VBL,540180
IFCI,500106
PTC,532524
BBTC,501425
MOIL,533286
RAMASTEEL,539309
KSCL,532899
NHPC,533098
BINNY,514215
MEP,539126
CREDITACC,541770
KANCHI,538896
MINDAIND,532539
MAJESAUT,500267
KINGFA,524019
PREVEST,543363
EVEREADY,531508
AMIORG,543349
VENUSREM,526953
CHOICEIN,531358
TATAMETALI,513434
DOLATALGO,505526
KINETICENG,500240
SETFNIF50,590138
OSIAJEE,540198
JSWENERGY,533148
WPIL,505872
NATPEROX,500298
INDOAMIN,524648
COROMANDEL,506395
FACORALL,532656
RANEENGINE,532988
SIS,540673
GRINDWELL,506076
PSUBNKBEES,590108
AWHCL,543254
JSLHISAR,539597
NDL,532641
63MOONS,526881
JUNIORBEES,590104
GOENKA,533189
RALLIS,500355
DSSL,532365
LUHARUKA,512048
MAFANG,543291
ACCELYA,532268
DCMSHRIRAM,523367
EARUM,542724
ADSL,532875
RAMKY,533262
GLAXO,500660
MRPL,500109
INDIANHUME,504741
FIBERWEB,507910
TVTODAY,532515
TATVA,543321
INOXWIND,539083
VIKASECO,530961
SUMMITSEC,533306
FIEMIND,532768
ULTRAMAR,506685
RADHEDE,531273
KAMAHOLD,532468
SINTEX,502742
BARBEQUE,543283
HFIL,526899
MANORAMA,541974
KOLTEPATIL,532924
KINGSINFR,530215
CENTURYPLY,532548
BALPHARMA,524824
URJAGLOBA,526987
INDOWIND,532894
KOTAKPSUBK,590107
DISAQ,500068
WELSPLSOL,500365
WINDLAS,543329
UNICHEMLAB,506690
ATGL,542066
ENGINERSIN,532178
ASIANTILES,532888
TNPETRO,500777
GESHIP*,500620
DYNPRO,532707
AIAENG,532683
MFLINDIA,526622
ADORFO,530431
ASTRAMICRO,532493
BBL,503960
ISWL,513361
ALKEM,539523
OPTIEMUS,530135
INGERRAND,500210
ERIS,540596
KDDL,532054
CARBORUNIV,513375
NATCOPHARM,524816
RAJGLOWIR,517522
KIRIINDUS,532967
PMCFIN,534060
NRBBEARING,530367
GINNIFILA,590025
CERA,532443
BLUESTARCO,500067
AVANTEL,532406
IPCALAB,524494
ORIENTHOT,500314
VASCONEQ,533156
DFM,519588
ZEELEARN,533287
MENNPIS,531727
COSMOFILMS,508814
APEX,540692
NUVOCO,543334
SANINFRA,532435
BUTTERFLY,517421
SURJIND,526211
PGIL,532808
RSWM,500350
AJANTPHARM,532331
VIKASLIFE,542655
STL,540738
BALUFORGE,531112
GENESYS,506109
PFS,533344
ICIL,521016
VIPULORG,530627
XCHANGING,532616
JOHNPHARMA,532154
MISHTANN,539594
TAKE,532890
ISGEC,533033
KESORAMIND,502937
GEOJITFSL,532285
GOLKUNDIA,523676
TFCILTD,526650
EQUITASBNK,543243
ALPHAGEO,526397
ELEFLOR,526473
SVPGLOB,505590
IFBIND,505726
SARLAPOLY,526885
WHITEORG,513713
BASANTGL,524687
VASWANI,533576
AURUM,539289
VISAKAIND,509055
SWASTIVI,510245
MANALIPETC,500268
LEHIL,532998
LINCOPH,531633
RUBFILA,500367
HPCOTTON,502873
AMINTAN,541771
CHEMFABALKA,541269
KILPEST,532067
ANANDRATHI,543415
AVANTI,512573
ADANITRANS,539254
CHOICEIN-RE,750692
VIVIMEDLAB,532660
HTMEDIA,532662
LUMAXTECH,532796
AMRUTANJAN,590006
BODALCHEM,524370
SHARIKA,540786
CRAFTSMAN,543276
GODREJIND,500164
PGINVIT,543290
GREENPANEL,542857
GRSE,542011
JKIL,532940
BAJAJHCARE,539872
VEGETABLE,539132
EQUITAS,539844
GARMNTMNTR,539216
FORCEMOT,500033
AFFORDABLE,541402
RATEGAIN,543417
STOVEKRAFT,543260
PRECWIRE,523539
BIRLACORPN,500335
AKSHAR,541303
SUUMAYA,543274
HERANBA,543266
SANDHAR,541163
AJMERA,513349
JYOTISTRUC,513250
HILTON,532847
PFIZER,500680
GAYAPROJ,532767
HINDZINC,500188
INDORAMA,500207
DEEPAKSP,514030
NIACL,540769
WORL,542667
TEAMLEASE,539658
KIMS,543308
HOCL,500449
FACT,590024
GULFOILLUB,538567
ASALCBR,507526
TEXMOPIPES,533164
SHIVACEM,532323
CARERATING,534804
IRCON,541956
DALMIASUG,500097
BENGALASM,533095
AURIONPRO,532668
ESTER,500136
GLS,543322
ARVSMART,539301
ARIES,532935
IFBAGRO,507438
JINDWORLD,531543
EVERESTO,524790
ONWARDTEC,517536
MANINDS,513269
PHARMAID,524572
SAPPHIRE,543397
CSLFINANCE,530067
SHRGLTR,512463
YAMNINV,511012
HINDTIN,530315
LUDLOWJUT,526179
SATIA,539201
JAYKAY,500306
BGRENERGY,532930
MANORG,514418
PRAKASHSTL,533239
WSTCSTPAPR,500444
NAVNETEDUL,508989
KUSHAL,536170
GABRIEL,505714
MAHLOG,540768
NAHARINDUS,519136
ACCEL,517494
CRESSAN,512379
JUBLPHARMA,530019
VINATIORGA,524200
SJS,543387
ANDHRAPAP,502330
TANAA,522229
SAREGAMA,532163
UJJIVANSFB,542904
UJJIVAN,539874
BIRET,543261
APOLLOPIPES,531761
RELCHEMQ,503162
AMARJOTHI,521097
MAZDOCK,543237
AUROLAB,530233
MENONBE,523828
HAWKINCOOK,508486
JSTL,538837
ARVINDFASN,542484
HIL,509675
GENNEX,531739
HALDYNGL,515147
PCJEWELLER,534809
AJRINFRA,532959
AIRTELPP,890157
SHAREINDIA,540725
JBMA,532605
NURECA,543264
SANOFI,500674
UDAICEMENT,530131
GOODYEAR,500168
IKAB,514238
SINGER,505729
PANCHSHEEL,531726
DANLAW,532329
TTIENT,538597
APMFINVEST,542774
LELAVOIR,539814
AXITA,542285
SHAHLON,542862
IIFLWAM,542772
PDSMFL,538730
MONTECARLO,538836
REFEX,532884
TCIDEVELOP,533393
WALCHANNAG,507410
GLOSTERLTD,542351
GRINFRA,543317
SHIL,542905
AGARIND,531921
JKTYRE,530007
SBGLP,543218
JMFINANCIL,523405
ROTO,517500
WELENT,532553
KIOCL,540680
INDOCO,532612
UNITECH,507878
NAGARFERT,539917
SIMPLEXINF,523838
SANGHVIMOV,530073
HIMATSEIDE,514043
STARHEALTH,543412
SPIC,590030
FINEORG,541557
BECTORFOOD,543253
ALPA,532878
GREENPLY,526797
JETAIRWAYS,532617
GSTL,540654
TAJGVK,532390
SIGNETIND,512131
JTLINFRA,534600
SHAILY,501423
ORIENTPPR,502420
BHANDHOS,512608
KCPSUGIND,533192
BAYERCROP,506285
SAGCEM,502090
JINDALPHOT,532624
CPSEETF,538057
IMFA,533047
ORICON,513121
PTCIL,539006
LIKHITHA,543240
LAKSHMIMIL,502958
INDRANIB,526445
RAMCOSYS,532370
APLLTD,533573
SANJIVIN,531569
XELPMOC,542367
PATELENG,531120
PICCADIL,530305
SALSTEEL,532604
MANGIND,537800
MIRCELECTR,500279
GICHSGFIN,511676
SNOWMAN,538635
CRISIL,500092
MNKCMILTD,539046
NATIONSTD,504882
BAJAJST,507944
PRISMX,501314
SANGHIIND,526521
UJAAS,533644
REPCOHOME,535322
ASTERDM,540975
SASKEN,532663
TCIEXP,540212
MALLCOM,539400
MEGASOFT,532408
CHLOGIST,531977
SHALBY,540797
CPL,536974
HERITGFOOD,519552
RATNAMANI,520111
ANSALBU,523007
ZENOTECH,532039
EMBASSY,542602
PATELSAI,517417
AIMCOPEST,524288
SUVEN,530239
GIPCL,517300
FINOPB,543386
HCG,539787
DIGISPICE,517214
BI,526853
RPSGVENT,542333
NUCLEUS,531209
MMWL,512267
PANJON,526345
FERMENTA,506414
BALAJITELE,532382
SAURASHCEM,502175
ORISSAMINE,590086
COMFINCAP,535267
PERMAGN,504132
IWP,540954
SHBAJRG,526981
KAJARIR,513693
CALCOM,517236
SUNFLAG,500404
SURANASOL,533298
MODINATUR,519003
ASIANENE,530355
ELECTHERM,526608
QUICKHEAL,539678
GODREJAGRO,540743
ODYSSEY,530175
SUNSHIEL,530845
HOMEFIRST,543259
VINYLINDIA,524129
PARNAXLAB,506128
DAICHI,526821
JUBLINDS,533320
RSSOFTWARE,517447
VAL,539402
AASHKA,543346
EPL,500135
CHEMCON,543233
SHALPAINTS,509874
MAHINDCIE,532756
SRESTHA,539217
BAJAJHLDNG,500490
5PAISA,540776
NECLIFE,532649
GOACARBON,509567
SADBHAV,532710
COCHINSHIP,540678
NIKHILAD,526159
BHATIA,540956
TITANBIO,524717
POKARNA,532486
SVCIND,524488
SUNDRMFAST,500403
KAJARIACER,500233
YASHPAKKA,516030
ALUFLUOR,524634
MANCREDIT,505850
SELLWIN,538875
DEEPIND,543288
SHAKTIPUMP,531431
AXTEL,523850
DYNAMIC,540795
INFLAME,541083
LASA,540702
GALAXYSURF,540935
MFSINTRCRP,513721
HIMTEK,505712
APCOTEXIND,523694
PANCHMAHQ,513511
SUPRAJIT,532509
ALANKIT,531082
ITHL,500213
SAHYADRI,532841
NFL,523630
THOMASCOOK,500413
SATIN,539404
PANAENERG,504093
WAA,541445
MAHLIFE,532313
MCLEODRUSS,532654
REXNORD,531888
AYMSYNTEX,508933
PBMPOLY,514087
SHRJAGP,512453
ROSSARI,543213
TCNSBRANDS,541700
AMBICAAGAR,532335
VADILALIND,519156
NYSSACORP,504378
GARFIBRES,509557
BHAGWOX,509449
VIJAYA,543350
SUPERHOUSE,523283
3MINDIA,523395
EMAMILTD,531162
HINDMOTORS,500500
VIRTUALG,534741
COMPUAGE,532456
EIHOTEL,500840
SHWL,541358
BANASFN,509053
ALLSEC,532633
HUBTOWN,532799
ROLEXRINGS,543325
RHIM,534076
TARINI,538496
CORALFINAC,531556
MAYURUNIQ,522249
KOCL,539910
JAYSHREETEA,509715
INTLCOMBQ,505737
SPECIALITY,534425
NOL,507813
GRAUWEIL,505710
UNIDT,522014
DCMNVL,542729
NIRLON,500307
KUANTUM,532937
VISHAL,538598
SMRUTHIORG,540686
ALMONDZ,531400
APMIN,523537
MAXVIL,539940
MINDTECK,517344
ANUHPHR,506260
SALASAR,540642
VSTTILLERS,531266
HCL-INSYS,500179
EMKAY,532737
SRHHYPOLTD,532842
MPSLTD,532440
XTGLOBAL,531225
ANUPAM,530109
GODFRYPHLP,500163
NIYOGIN,538772
CENLUB,522251
STOVACQ,504959
BASML,532674
HEIDELBERG,500292
BIBCL,524663
INDOTECH,532717
PWASML,531437
GVFILM,523277
IFL,540377
IPL,543311
MCCHRLS-B,507836
DECCANCE,502137
KOTAKBKETF,590136
GTPL,540602
AIML,534064
INNOVATORS,541353
ITI,523610
TVSELECT,532513
GUJARATPOLY,517288
CEATLTD,500878
FREDUN,539730
GRNLAMIND,538979
BEARDSELL,539447
RAGHUTOB,531552
ANMOL,542437
SYMPHONY,517385
EMMBI,533161
GENUSPAPER,538961
MHLXMIRU,514450
ISMTLTD,532479
GPPL,533248
SICAL,520086
APTECHT,532475
GNA,540124
LAKSELEC,504258
SHRIRAMCIT,532498
MITSU,540078
MRCEXIM,540809
WIMPLAST,526586
INDSWFTLAB,532305
TALBROSENG,538987
TERAI,530533
RANASUG,507490
MBLINFRA,533152
PAISALO,532900
MOLDTKPAC,533080
MAHSCOOTER,500266
SREINFRA,523756
STARCEMENT,540575
INDOKEM,504092
RRMETAL,531667
MANGLMCEM,502157
GMBREW,507488
TRIVENIGQ,502281
MASTERTR,511768
MAHAVIRIND,531648
PGHL,500126
RNAVAL,533107
FLOMIC,504380
UFO,539141
INDSILHYD,522165
GANGESSEC,540647
BOROLTD,543212
VLSFINANCE,511333
RICOAUTO,520008
AMNPLST,506248
NACLIND,524709
NESCO,505355
MINAXI,531456
STCINDIA,512531
KMEW,543273
VIKASPROP,531518
ORIENTELEC,541301
EXXARO,543327
NATURAL,543207
ANANTRAJ,515055
LUMAXIND,517206
KMSUGAR,532673
ANUP,542460
OSWALAGRO,500317
BMW,542669
LIBERTSHOE,526596
MAFATIND,500264
DBCORP,533151
NEH,533202
RUCHIRA,532785
GLOBOFFS,501848
RSYSTEMINT,532735
NCLIND,502168
CHALET,542399
FAZE3Q,530079
SUMEETINDS,514211
DHARAMSI,506405
SANGAMIND,514234
ZEAL,539963
FDC,531599
OMINFRAL,531092
MKEXIM,538890
APLAB,517096
ACKNIT,530043
SIMRAN,519566
RISHIROOP,526492
MAKERSL,506919
GOODLUCK,530655
NELCO,504112
WABCOINDIA,533023
RIR,517035
VISESHINFO,532411
MSPL,532650
JAGRAN,532705
AMERISE,531681
CIGNITI,534758
ASHCAP,512247
ABAN,523204
RITCO,542383
INEOSSTYRO,506222
SCANSTL,511672
MERCATOR,526235
ELANTAS,500123
ALFAVIO,531156
RPEL,539837
GNRL,513536
KOVAI,523323
SANWARIA,519260
VRFILMS,542654
GRPLTD,509152
BIGBLOC,540061
LKPSEC,540192
SUPPETRO,500405
GOODRICKE,500166
ORCHIDPHAR,524372
TASTYBIT,519091
20MICRONS,533022
ORCHASP,532271
JYOTHYLAB,532926
ORIENTCQ,506579
VSTIND,509966
DHANBANK,532180
HNDFDS,519126
PROMAX,543375
AUTOAXLES,505010
PILITA,500327
SAMRATPH,530125
NATCAPSUQ,524654
KHADIM,540775
SUVIDHAA,543281
HLEGLAS,522215
CLNINDIA,506390
BALKRISHNA,539251
JAYNECOIND,522285
ANDREWYU,526173
DYNAMATECH,505242
NDTV,532529
NDRAUTO,543214
BHARATGEAR,505688
MORGAN,526237
SHBCLQ,513097
SHIVAMAUTO,532776
SHIVALIK,539148
DHUNTEAIND,538902
SBISENSEX,535276
KGDENIM,500239
AAL,542012
SADBHIN,539346
RUCHISOYA,500368
ASHAPURMIN,527001
SHIVAAGRO,530433
CHAMANSEQ,530307
NILACHAL,502294
AIIL,539177
SHRIRAMEPC,532945
DHUNINV,533336
DML,540811
KRANTI,542459
INDIANACRY,514165
SANSERA,543358
POLYCHMP,526043
TERRASCOPE,513305
ARCHITORG,524640
MEERA,540519
TIPSINDLTD,532375
SWANENERGY,503310
ISFL,526859
CENTUM,517544
MAGNAELQ,517449
ESABINDIA,500133
MAGADHSUGAR,540650
UNIVPHOTO,542933
INDTERRAIN,533329
ITDC,532189
VELJAN,505232
GEECEE,532764
TEXINFRA,505400
LOTUSCHO,523475
BCPL,542057
BIHSPONG,500058
BEEKAY,539018
SURANAT&P,517530
GUJAPOLLO,522217
SKIPPER,538562
SELAN,530075
RPPINFRA,533284
SESHAPAPER,502450
COMCL,534691
INNOVATIVE,541983
ELDEHSG,523329
CHEMCRUX,540395
SMCGLOBAL,543263
INDOSTAR,541336
KRITIIND,526423
VIRATCRA,519457
ANKITMETAL,532870
SIMPLXPAP,533019
SPENCER,542337
PONNIERODE,532460
WINDMACHIN,522029
NAVKARCORP,539332
AMAL,506597
HITTCO,531661
MORGANITE,523160
ANJANI,531223
BPL,500074
NHCFOODS,517554
PREMEXPLQ,526247
PARSVNATH,532780
POWERMECH,539302
MTEDUCARE,534312
FLFL,536507
CELEBRITY,532695
SAKSOFT,590051
CAPACITE,540710
ADCINDIA,523411
VGIL,543241
INDNIPPON,532240
RJKMRFR,513369
BAROEXT,513502
HINDNATGLS,515145
KSL,500235
BIRLATYRES,542932
OMANSH,538537
GARNETINT,512493
MANAKSTELTD,539044
STARTECK,512381
SURYALA,514138
MUNJALAU,520059
MANAKSIA,532932
DECNGOLD,512068
RUSHIL,533470
INTELSOFT,536868
STEELCAS,513517
MEDICAPQ,523144
SVARTCORP,512257
SCTL,539526
BFINVEST,533303
SHARPINV,538212
TVSSRICHAK,509243
SATINDLTD,511076
VOITHPAPR,522122
TDSL,540955
GEPIL,532309
ARMANFIN,531179
CONTROLPR,522295
SWASTIKA,530585
SACHEMT,531869
PUNJLLOYD,532693
BESTAGRO,539660
SUPER,512527
ULTRACAB,538706
XPROINDIA,590013
AQFINTECH,505725
WESTLIFE,505533
GALXBRG,526073
RACE,537785
AANCHALISP,538812
CUBIFIN,511710
HINDADH,514428
EIHAHOTELS,523127
DUCON,534674
ALEXANDER,511463
MUKANDLTD,500460
SASTASUNDR,533259
ZUARI,534742
CLEDUCATE,540403
BRIGHTBR,526731
SGFRL,543391
OMAXE,532880
RAMCOIND,532369
SGL,532730
POEL,539195
KIRLOSBROS,500241
ACGL,505036
VIPCLOTHNG,532613
SHREDIGCEM,502180
SECURKLOUD,512161
RAMRAT,522281
AVAILFC,531310
BLISSGVS,506197
NRAGRINDQ,516082
NECCLTD,534615
ZFSTEERING,505163
TYCHE,532384
WONDERLA,538268
MEDICAMEQ,531146
AVL,540205
CUPID,530843
MBECL,532629
VMART,534976
MAHEPC,523754
DANUBE,540361
JYOTIRES,514448
SMARTLINK,532419
UTTAMSUGAR,532729
SHERVANI,526117
ZUARIGLOB,500780
PILANIINVS,539883
ZIMLAB,541400
PHCAP,500143
TREJHARA,542233
VINDHYATEL,517015
PRAENG,531746
HONDAPOWER,522064
KAKATCEM,500234
BLKASHYAP,532719
GTNINDS,500170
DHANROTO,521216
SHUBHAM,542019
ORIENTABRA,504879
BAPACK,523186
HANSUGAR,537709
RUCHINFRA,509020
FOODSIN,507552
LEENEE,517415
AXELPOLY,513642
MAZDALTD,523792
SUNDARAM,533166
RELHOME,540709
GFLLIMITED,500173
OKPLA,526415
INDSUCR,500319
CANTABIL,533267
LYKISLTD,530689
FEL,523574
ASIIL,502015
AMDIND,532828
RDBRL,533608
ZENITHHE,530665
GROWINGTON,539222
TRITONV,505978
STYLAMIND,526951
RIBATEX,531952
RITES,541556
BRIDGESE,530249
CEINSYSTECH,538734
MTCL,543364
PRADPME,513532
PRESSMN,509077
MARIS,531503
UNISON,538610
LLFICL,540360
COMFINTE,531216
NELCAST,532864
SCANDENT,516110
GAL,533275
UTTAMSTL,513216
PUNJABCHEM,506618
AAIL,530621
TTFL,540726
SEIL,539921
PRERINFRA,531802
DILIGENT,531153
MADRASFERT,590134
PARACABLES,530555
KOTAKNIFTY,537708
ACEWIN,539570
PRIMAPLA,530589
RAGHUSYN,514316
SCHAND,540497
ASTRON,540824
ARUNAHTEL,500016
AREYDRG,524412
ROLTA,500366
ELPROINTL,504000
JBFIND,514034
COSCO,530545
EXCEL,533090
DENISCHEM,537536
DIAMONDYD,540724
EQUIPPP,590057
SPAL,540048
BATLIBOI,522004
AGIIL,539042
POOJA,540727
SINCLAIR,523023
INDOTHAI,533676
RUBYMILLS,503169
HKG,539097
TUTIALKA,506808
VIJSOLX,531069
BCP,537766
KSB,500249
CHANDNIMACH,542627
GENSOL,542851
PENINLAND,503031
EXCELINDUS,500650
ICICITECH,543221
OMKARCHEM,533317
STLSTRINF,513173
JSWHL,532642
MCDHOLDING,532852
CPML,542727
FRANKLIN,539839
ANDHRACEMT,532141
AKSCHEM,524598
CAPRIHANS,509486
JETFREIGHT,543420
ORIRAIL,531859
INDGELA,531253
SPMLINFRA,500402
PDMJEPAPER,539785
GOLDTECH,531439
INFRABEES,543255
TATAYODOGA,504961
ENDURANCE,540153
ARTEMISMED,542919
LINC,531241
TTKHEALTH,507747
SURYODAY,543279
IVC,511208
WATERBASE,523660
SHANTIGEAR,522034
NITTAGELA,506532
LATIMMETAL,505693
TDPOWERSYS,533553
SHREEPUSHK,539334
AVONMORE,511589
SNL,505827
PASUPTAC,500456
JTEKTINDIA,520057
CEBBCO,533272
PIONEEREMB,514300
NILKAMAL,523385
RESONANCE,524218
KISAN,530145
WHEELS,590073
HMVL,533217
DARSHANORNA,539884
ANGEL,541006
FINELINE,517264
INTEGRAEN,505358
PURVA,532891
PANINDIAC,511525
SHREYANIND,516016
BRFL,532678
TATIAGLOB,521228
GBFL,538787
BARTRONICS,532694
SPCAPIT,530289
DUROPLY,516003
ATISHAY,538713
APOLLO,540879
BRAHMINFRA,535693
GOKULAGRO,539725
SAKUMA,532713
BSELINFRA,532123
BANCOINDIA,500039
VISHNU,516072
GEE,504028
USHDI,511736
ROSSELLIND,533168
MEGACOR,531417
BHARATSE,523229
MAANALU,532906
RASIELEC,531233
VIKASWSP,519307
MERCURYLAB,538964
POLYLINK,531454
ASIANTNE,519532
ANUROOP,542865
STHINPA,516108
TI,507205
ASAHISONG,532853
VIVIDIND,524576
AMRAAGRI,531991
FAZE3AUTO,532459
JAIBALAJI,532976
SGRL,540737
SORILINFRA,532679
PTL,509220
HPBL,526717
ZENIFIB,514266
SCPL,540757
ISFT,533181
CENTRUM,501150
EMAMIPAP,533208
SANKHYAIN,532972
VISAGAR,531025
GSAUTO,513059
NSIL,532256
VIVIDHA,506146
CHOLAHLDNG,504973
SABOOSOD,530461
INDIGOPNTS,543258
ITL,522183
SAYAJIIND,540728
BROOKS,533543
PROZONINTU,534675
KREBSBIO,524518
KRYPTONQ,523550
MUTHTFN,511766
VISTARAMAR,538565
RML,532661
BIRLAMONEY,532974
ASHIKACR,590122
HLVLTD,500193
DVL,523736
JCHAC,523398
VIMTALABS,524394
AXISCADES,532395
LKPFIN,507912
UNIVCABLES,504212
INTELLADV,534732
OAL,500078
INDIGRID,540565
ALICON,531147
BENARAS,509438
INDPRUD,501298
SUBROS,517168
PRAVEG,531637
KIRANVYPAR,537750
ASTRAZEN,506820
ALEMBICLTD,506235
BODHTREE,539122
SUCROSA,530883
HERCULES,505720
CGVAK,531489
BIRLACABLE,500060
POLYMED,531768
SHEETAL,530525
PALRED,532521
ISTLTD,508807
HINDHARD,505893
MANGALAM,532637
PTIL,540027
HITECHCORP,526217
MUNJALSHOW,520043
INDRAMEDCO,532150
FMGOETZE,505744
STDBAT,504180
KECL,533193
HUHTAMAKI,509820
MULTIBASE,526169
CTE,532801
AKZOINDIA,500710
NILASPACES,542231
JAGSNPHARM,507789
SOTL,524667
DHOOTIN,526971
MARALOVER,521018
LOYALTEX,514036
VASINFRA,531574
OMNIPOTENT,543400
DIANATEA,530959
BHAGIL,530803
SHK,539450
DHRUV,541302
SXETF,539517
KAYA,539276
SAMKRG,520075
LEHAR,532829
FSC,540798
SHIVAMILLS,540961
BHARATWIRE,539799
IMPAL,590065
MONARCH,511551
SWARAJENG,500407
IZMO,532341
SUPREME,530677
BSL,514045
VISASTEEL,532721
TEXELIN,526638
BCONCEPTS,543442
NETTLINX,511658
MAWANASUG,523371
INSECTICID,532851
TANVI,540332
JAGANLAM,530711
WINSOMTX,514470
KENNAMET,505890
RATHIBAR,532918
PATINTLOG,526381
AVI,539288
SMFIL,513418
BEDMUTHA,533270
GCMSECU,535431
UTLINDS,500426
ODYCORP,531996
NETLINK,509040
HDFCNIFETF,539516
NAGREEKEXP,521109
ICICIB22,540787
BVCL,532916
PANAFIC,538860
SHISHIND,540693
RAWEDGE,541634
ONEGLOBAL,514330
PRAXIS,540901
KAMATHOTEL,526668
ASHIANA,523716
PQIF,540717
SMEL,541799
LPDC,533012
ALKALI,533029
YAARI,533520
AROGRANITE,513729
BAMBINO,519295
GILLETTE,507815
AUTOIND,532797
IGARASHI,517380
SURAJ,518075
SHAHALLOYS,513436
ASCENSIVE,543443
SUNRETAIL,542025
VIKRAMTH,530477
HARDWYN,541276
LOOKS,534422
SHARDA,535602
HIRECT,504036
APCL,518091
MINDSPACE,543217
MURUDCERA,515037
KLBRENG-B,522101
VTMLTD,532893
SALORAINTL,500370
SAKTHIFIN,511066
SICAGEN,533014
THANGAMAYL,533158
AVTNPL,519105
ATVPR,500028
PGFOILQ,526747
SPECFOOD,531982
DCM,502820
GSCLCEMENT,518029
BGJL,540545
AJIL,514394
BNKCAP,500069
ATULAUTO,531795
BTTL,533108
JITFINFRA,540311
GUJSTATFIN,532160
RAMANEWS,500356
KSE,519421
INDAG,509162
FRONTSP,522195
SIDDHA,530439
BHARATAGRI,531862
KAPASHI,512399
IRIS,540735
CORDSCABLE,532941
SAKHTISUG,507315
PRIMEFRESH,540404
BRANDBUCKT,543439
SWARNSAR,526365
VHL,500439
RPIL,526407
CALSOFT,532386
KIFS,535566
GULFPETRO,532543
ROLLT,502448
SUPERSPIN,521180
RPGLIFE,532983
SMSPHARMA,532815
HAZOOR,532467
SDBL,507514
FLEXFO,523672
PSB,533295
ARCHIDPLY,532994
GOCLCORP,506480
FLUIDOM,522017
SUPTANERY,523842
ADFFOODS,519183
SUDTIND-B,521113
DENORA,590031
ESSARSHPNG,533704
SPLIL,532651
HESTERBIO,524669
MORARKFI,511549
HARRMALAYA,500467
MUKTA,535204
RMCL,532692
ROHLTD,532699
AUSOMENT,509009
BABA,532380
DHPIND,531306
TERASOFT,533982
TRANWAY,542923
BENGALT,532230
KRISHNA,504392
PACIFICI,523483
JETMALL,543286
BLSINFOTE,531175
CILSEC,530829
KERALAYUR,530163
ARROWGREEN,516064
AARVEEDEN,514274
FABINO,543444
HALDER,539854
B2BSOFT,531268
MNKALCOLTD,539045
KACHCHH,531778
CAPITALT,511505
LOYAL,539227
JAYBARMARU,520066
BIL,526666
LOVABLE,533343
SMARTFIN,539494
HINDALUMI,531979
PASARI,521080
TRANSCHEM,500422
TTL,514142
ENKEIWHEL,533477
AEL,539196
MODINSU,515008
NOVARTIND,500672
BINDALAGRO,539290
MYSTICELE,535205
KHOOBSURAT,535730
STERTOOLS,530759
PARLEIND,532911
JAYCH,506520
SUPERIOR,539835
MUZALI,539410
AGOL,542579
CIANAGRO,519477
ASHIMASYN,514286
KESARENT,507180
KATRSPG,502933
PRITIKAUTO,539359
HEMORGANIC,524590
NAVKAR,531494
INDICAP,532745
KOKUYOCMLN,523207
BHILSPIN,514272
KAMDHENU,532741
KGPETRO,531609
GGAUTO,531399
JHS,532771
AXISCBGPG,541071
VISTAPH,524711
V2RETAIL,532867
DJML,543193
ARIHANT,531381
JANUSCORP,542924
NTCIND,526723
IMEC,513295
VIDHIING,531717
ORACLECR,539598
SUNILAGR,530953
ZSARACOM,512020
CBPL,542934
CHEMBOND,530871
ENERGYDEV,532219
DONEAR,512519
NATHBIOGEN,537291
COSYN,538922
SCANPGEOM,526544
TMRVL,540210
KALLAM,530201
PANACEABIO,531349
APOLLOFI,512437
JAYAGROGN,524330
THEBYKE,531373
KREONFIN,530139
GOBLIN,542850
DRHABEEB,539267
RISHILASE,526861
KOTHARIPRO,530299
TITANSEC,530045
OMAXAUTO,520021
MMFL,522241
ROYALIND,512047
DEEPENR,532760
BAGFILMS,532507
GCKL,506186
TAMBOLI,533170
SAPPL,538795
POLSON,507645
DICIND,500089
CHDCHEM,539800
MODIRUBBER,500890
UTIQUE,500014
7TEC,532404
HOVS,532761
NIBE,535136
JUPITERIN,534623
CHENFERRO,539011
LAHOTIOV,531842
NETFSENSEX,538683
ARL,542721
VARDMNPOLY,514175
VESUVIUS,520113
VELHO,526755
CEENIK,531119
VISHALBL,539398
IL&FSENGG,532907
MALUPAPER,532728
FRSHTRP,530077
SANDUPHQ,524703
FLORATX,530705
THEINVEST,530023
NICCOPAR,526721
FMNL,533296
SIMBHALS,539742
BIOFILCHEM,524396
PNC,532387
BOMOXY-B1,509470
SCOOBEEDAY,531234
VANTABIO,540729
VIVIDM,542046
KKALPANAIND,526409
SIMMOND,507998
SHYMINV,505515
EIMCOELECO,523708
GSS,532951
TRIOMERC,534755
INDTONER,523586
CONTILI,531067
SUNCLAYLTD,520056
UNIPHOS,500429
SHILGRAVQ,513709
VERITAS,512229
SKMEGGPROD,532143
KHAITANLTD,590068
GTNTEX,532744
MOHITPPR,530169
NEOINFRA,514332
BAFNAPHARM,532989
SURYALAXMI,521200
GARNET,526727
SHEMAROO,538685
CAPPIPES,538817
HDIL,532873
ADITYASP,521141
ALPHALOGIC,542770
PALMJEWELS,541444
SURAJLTD,531638
MARBU,523566
SAMOR,543376
SUNDARMFIN,590071
HITECHGEAR,522073
SAVERA,512634
INDIAHOME,530979
NATRAJPR,530119
GANESHHOUC,526367
COCHINM,513353
SRIKPRIND,514442
NEWLIGHT,540243
SUNEDISON,531260
PRISMMEDI,512217
BELLACASA,539399
GET&D,522275
IPRINGLTD,523638
BIMETAL,505681
AGRITECH,537292
WFL,543449
SVRL,543373
UMANGDAIR,500231
CORNE,530755
DWL,540695
GENCON,539407
JENBURPH,524731
HINDCOMPOS,509635
SAHLIBHFI,511754
IVP,507580
TPLPLAST,526582
MADHUCON,531497
DHAMPURE,531923
EASTWEST,540006
LGBFORGE,533007
VIDLI-RE,750695
ICICILOVOL,540612
STARLENT,540492
NIHARINF,531083
VALIANT,526775
PRIMESECU,500337
SAMBANDAM,521240
ZSVARAJT,503624
SOLIMAC,522152
SYSCHEM,531173
ASHSI,526847
TIIL,532804
CNOVAPETRO,533407
ALBERTDA,524075
SMLISUZU,505192
KANPRPLA,507779
ANSALAPI,500013
CENTEXT,500083
PANCARBON,508941
PRITHVIEXCH,531688
WINPRO,531337
GODAVARI,530317
ESSARSEC,533149
AKCAPIT,530499
AMRAPLIN,526241
BLBLIMITED,532290
COMPUSOFT,532339
KFBL,507474
MUL,539219
VETO,539331
NATHIND,502587
NXTDIGITAL,500189
NARAYANI,540080
SIMPLEXCAS,513472
PYXISFIN,534109
GRAVISSHO,509546
UTISENSETF,539312
RTSPOWR,531215
WEPSOLN,532373
TIL,505196
KELENRG,506528
PARAMONE,531364
PARSHINV,511702
SURYVANSP,514140
CHOWGULSTM,501833
VGCL,538732
DUNCANENG,504908
NITCO,532722
ABANSENT,512165
ORTINLAABS,539287
RAJNISH,541601
RGRL,519191
METROGLOBL,500159
SHREERAMA,532310
MEDINOV,526301
NAVODAYENT,543305
MAXIMUS,540401
ANIKINDS,519383
KANELIND,500236
KBSINDIA,530357
TIAANC,540108
HITECH,543411
SAUMYA,539218
GALACTICO,542802
RAMASIGNS,515127
HMT,500191
HBSTOCK,532216
TANTIACONS,532738
LAFFANSQ,524522
ICICIM150,542921
7SEASL,540874
INCREDIBLE,538365
VMS,533427
VALSONQ,530459
SWELECTES,532051
EASTSILK,590022
GOKUL,532980
GOYALASS,530663
SAMPRE,530617
LORDSCHLO,500284
LAMBODHARA,590075
ZODIACVEN,503641
YOGISUNG,522209
SEAMECLTD,526807
CAMEXLTD,524440
JSLINDL,504080
VIVOBIOT,511509
OONE,535657
SHETR,526137
SIELFNS,532217
NARPROP,531416
CONTPTR,523232
WEIZMANIND,523011
CONART,522231
JK AGRI,536493
MAXINDIA,543223
ICRA,532835
AXISCBDPD,541070
BMAL,535279
VINCOFE,538920
FRASER,539032
SML,539378
VOLTAMP,532757
SRAMSET,531359
DYNAMIND,524818
REMSONSIND,530919
FOSECOIND,500150
JYOTI,504076
POLYTEX,512481
JONJUA,542446
EMERALD,538882
GLOBALVECT,532773
GANDHITUBE,513108
INDBANK,511473
UNIVSTAR,524408
KILITCH,524500
EMAMIREAL,533218
DAMOINDUS,521220
UNIABEXAL,504605
NAGPI,532362
PLASTIBLEN,523648
MASL,534563
ARFIN,539151
YASHCHEM,539939
VIVANTA,541735
LYPSAGEMS,534532
PATINTPP,890159
NATHUEC,531834
ADORMUL,523120
PML,539113
IMAGICAA,539056
KTKSENSEX,532985
RAMGOPOLY,514223
PRATIKSH,531257
SPICEISL,526827
JISLDVREQS,570004
JINDHOT,507981
BALFC,511724
JOINDRE,531861
MAGNUM,532896
PORWAL,532933
OASISEC,512489
CORPOCO,526737
HRYNSHP,526931
KHANDSE,531892
SLSTLQ,521161
ICICIBANKP,542758
ADVAIT,543230
ACEMEN,539661
WALCHPF,501370
UHZAVERI,541338
ZODIACLOTH,521163
ELNET,517477
GAYATRIBI,524564
SHAQUAK,531925
REPRO,532687
INNOVTEC,523840
LANCORHOL,509048
LACTOSE,524202
SVAMSOF,523722
DUTRON,517437
CWD,543378
ICICINV20,539945
JAYSYN,506910
ADORWELD,517041
SHALIWIR,532455
TRANSCOR,532410
MEHAI,540730
STEL,533316
VRL,538634
INDOCITY,532100
MOLDTEK,526263
ATFL,500215
STARLITE,517548
AHLUCONT,532811
SPS,538402
FELDVR,570002
NIESSPL,542847
RAJPACK,530111
VEERHEALTH,511523
PREMCO,530331
ICICIBANKN,542730
MMRUBBR-B,509196
BHAGYNAGAR,512296
JOONKTOLL,538092
SURYAAMBA,533101
TIRUSTA,524582
MAHASTEEL,513554
NDASEC,511535
BESTEAST,508664
CMI,517330
EMMESSA,524768
INNOCORP,531929
BDH,524828
GUJCRAFT,526965
KRL,512329
SCAPDVR,570005
SAGARSOFT,540143
SGIL,541929
CINELINE,532807
TRESCON,532159
RIDDHI,524480
SEYAIND,524324
IISL,540134
DHABRIYA,538715
KICL,533302
NEAGI,508670
BLUECHIPT,506981
SHAWGELTIN,526739
KANCOTEA,541005
ECOBOAR,523732
INOVSYNTH,533315
EXPOGAS,526614
SIL,530017
MODAIRY,519287
WARRENTEA,508494
KANORICHEM,506525
PPAP,532934
QUINT,539515
VINEETLAB,543298
GOLDENTOBC,500151
UCALFUEL,500464
THAKDEV,526654
EIKO,540204
PEETISEC,531352
SHRIDINE,503804
SHIVTEX,511108
TFL,532812
OZONEWORLD,539291
SALONACOT,590056
ARNOLD,537069
CCHHL,526550
JUMBO,516078
LCCINFOTEC,532019
AANANDALAK,539096
IFGLEXPOR,540774
RADIOCITY,540366
MAESGETF,543246
DEL,542679
NLFL,531212
ANJANIFOODS,511153
YUKEN,522108
REVATHI,505368
BANARBEADS,526849
GEMSI,531137
BANG,532946
RDBRIL,533285
UTIBANKETF,543226
GLOBUSCON,526025
DSPNEWETF,543388
PANTH,539143
JTAPARIA,538539
TECHIN,526576
DAIKAFFI,530825
NITINFIRE,532854
RELTD,504341
BNALTD,508136
KAYPOWR,530255
AMCOIND,530133
MRO-TEK,532376
BCCFUBA,517246
TARMAT,532869
SOURCENTRL,531398
ASPIRA,540788
MATRIMONY,540704
TIRSARJ,531814
HBPOR,532333
ISHITADR,524400
NATFIT,531289
NIPPOBATRY,504058
RAJABAH,503127
SBLI,543366
AXISTECETF,543347
MODWOOL,503772
SODFC,511571
RICHAIND,532766
HINFLUR,524013
METSL,538401
SUNLOC,537253
ANSALHSG,507828
KAMANWALA,511131
UDAYJEW,539518
ONELIFECAP,533632
BPLPHARMA,541096
ARCHIES,532212
NATPLAS,526616
MODISNME,506261
TRF,505854
MIL,539938
WAAREE,539337
SOMICONV,533001
SETCO,505075
BANARISUG,500041
SRINACHA,521234
UNITEDTE,521188
INDIANCARD,509692
CYBELEIND,531472
EVANS,542668
HOTLSILV,532145
GUJHOTE,507960
VEERENRGY,503657
VIPUL,511726
SPACEINCUBA,541890
VEERGIL-RE,750693
DEVHARI,539197
PARVATI,541347
GALLISPAT,533265
LESHAIND,533602
EVERLON,514358
GCSL,543324
FLEXITUFF,533638
MOHITE,532140
OMNIAX,532340
ALFREDHE,505216
SHANGAR,540259
CTL,538476
WAGEND,503675
RAPICUT,500360
TCFCFINQ,532284
CIL,538786
COUNCODOS,531624
GALLANTT,532726
SMIFS,508905
PRECISIO,517258
ADISHAKTI,543377
SVGLOBAL,535621
PREMIER,500540
SYSTMTXC,526506
SSLEL,532879
MARATHON,503101
ARAVALIS,512344
SRD,542232
KRIINFRA,533482
CHOKSILA,526546
COMPEAU,531041
UPSURGE,531390
KANSHST,513456
INSILCO,500211
BEEYU,532645
ELEMARB,526705
TCPLPACK,523301
GGPL,539228
GIANLIFE,542918
BRPL,538546
CUBEXTUB,526027
INDSWFTLTD,524652
PREMIERPOL,514354
FIRSTFIN,532379
HAVISHA,531322
SUPERTEX,526133
WINSOMBR,526471
SHARP,523449
PATSPINLTD,514326
SAMTEX,521206
SHREYASI,526335
MOHITIND,531453
RSDFIN,539875
GETALONG,543372
GKB,533212
BAMPSL,531591
SHRDAIS,513548
BBOX,500463
PROFINC,511557
KRRAIL,514360
MACPLASQ,523248
POLYSPIN,539354
SHIVA,539593
JAGAJITIND,507155
FORINTL,530213
AMTL,534612
NAGREEKCAP,532895
PHOENIXTN,537839
BKMINDST,539043
ICLORGANIC,542935
NIEHSPD,542839
JJFINCOR,523062
SEPOWER,534598
RVHL,543251
KAARYAFSL,540756
JETKINGQ,517063
ASHNOOR,507872
08GPG,543150
STARLIT,538733
REMLIFE,539561
TIJARIA,533629
BHAGYAPROP,540621
RITESHIN,519097
KRETTOSYS,531328
SBFL,521131
RMC,540358
ACML,540146
ADVIKCA,539773
CANOPYFIN,539304
ATAM,543236
TIGLOB,522294
GRANDFONRY,513343
ZDHJERK,531043
CMMHOSP,523489
WANBURY,524212
CRANESSOFT,512093
ISLCONSUL,511609
AUSTENG,522005
3PLAND,516092
NIKSTECH,543282
KIRLOSIND,500243
CATVISION,531158
ANJANIFIN,531878
PADMALAYAT,532350
LINKPH,524748
DELTAMAGNT,504286
ADJIA,543269
DOLFIN,542013
UTINEXT50,540669
IFINSER,539692
SRGHFL,534680
PUNJCOMMU,500346
YASHMGM,511601
USGTECH,532402
GUJTERC,524314
DAULAT,530171
RODIUM,531822
BINNYMILLS,535620
YUG,540550
NETFSNX150,542747
JAINCO,526865
PCS,517119
CHORDIA,519475
VICEROY,523796
MUKTAARTS,532357
NATCAPSPP,890161
MAINFRA,531540
BHASKAGR,524534
STARCOM,531616
GALAGEX,531911
NOIDATOLL,532481
GAGAN,524624
CHOKSI,530427
ARCEEIN,520121
MADHUDIN,515059
ADMANUM,511359
MISHKA,539220
HUIL,539984
TNTELE,523419
UTINIFTETF,539313
INDOUS,541304
INTSTOIL,530259
CINEVISTA,532324
MINOLTAF,532164
INCON,531594
OROSMITHS,531626
NARBADA,519455
VITESSE,540823
RTFL,538611
COROENGG,533167
IYKOTHITE,522245
PICCASUG,507498
ASTAR,531847
FORTISMLR,523696
VBCFERROQ,513005
HATHWAYB,509073
OLYMPTX,521105
KABSON,524675
INDXTRA,524614
SPENTA,526161
PODARPIGQ,524570
CANDC,532813
GILLANDERS,532716
ETIL,538708
DODLA,543306
LICNETFSEN,539487
IL&FSTRANS,533177
ELIXIR,531278
SW1,503659
INVPRECQ,504786
UNISTRMU,532035
PHOENXINTL,526481
JINDCAP,530405
SPSL,533110
MERCANTILE,538942
SUYOG,537259
SETFSN50,541972
SUNCITYSY,530795
KOBO,531541
DHARSUGAR,507442
MYSORPETRO,506734
PREMSYN,509835
AML,540923
CONCORD,538965
SUPREMEINF,532904
MOM100,536960
SETFBSE100,539031
GANGAPHARM,539680
SALAUTO,539353
SRMCL,521178
SCOOTER,505141
POOJAENT,532011
NIESSPM,542848
AXISCCGPG,542247
JAMESWARREN,538564
ECOM,531533
ZENLABS,530697
MAHAANF,519612
YAANENT,538521
SETUINFRA,533605
DIVSHKT,526315
VSFPROJ,519331
DECCAN,542248
PVP,517556
INDCEMCAP,511355
JRFOODS,530915
CIFL,530879
THEMISMED,530199
CYBERMEDIA,532640
POONADAL,519359
ZWELCAST,504988
CITADEL,502445
EASTRED,531346
KIMIABL,530313
STRATMONT,530495
ALSL,535916
HEXATRADEX,534328
SYMBIOX,539278
GOPAIST,531913
SKYLMILAR,505650
KEYCORP,507948
IMCAP,511628
PADMAIND,526905
KTIL,533289
KAUSHALYA,532925
ORIENTTR,531512
ATLANTA,532759
SAGARPROD,532092
GLANCE,531199
RAYALEMA,526640
RAAJMEDI,524502
SHARDUL,512393
PIONRINV,507864
KLRFM,507598
TAIIND,519483
SANTETX,514280
MKTCREAT,526891
UNITINT,531867
CSURGSU,531380
SHESHAINDS,539111
ICICI500,541313
NPRFIN,530127
ALFAICA,530973
LADDERUP,530577
UVDRHOR,522091
1STCUS,511122
MODIPON,503776
CHEMOPH,506365
SHINDL,519397
ASITCFIN,530723
ASINPET,524434
RAINBOWF,531694
UGARSUGAR,530363
AADIIND,530027
SULABEN,508969
KPT,505299
MAFSETF,543323
CREATIVE,539527
ICICINF100,537008
SKL,540269
ASHIS,513401
PODDAR,523628
MORARJEE,532621
MEFCOMCAP,531176
HIMFIBP,514010
REGENTRP,512624
ASHNI,541702
AMFORG,513117
MAITRI,513430
MDRNSTL,513303
SEASONST,514264
KEERTHI,518011
ROOPAIND,530991
CLIOINFO,530839
ENTRINT,526574
SYBLY,531499
RAJKSYN,514028
MSRINDIA,508922
FGP,500142
TRIJAL,531658
ORIENTALTL,532817
QUANTBUILD,538596
MEGRISOFT,539012
ARSSINFRA,533163
TARAPUR,533203
GITARENEW,539013
OCTAL,538894
PIFL,523862
METALFORGE,513335
AMJLAND,500343
KANANIIND,506184
MLKFOOD,507621
MUKATPIP,523832
SBECSUG,532102
RCIIND,537254
NGIL,541418
DNAMEDIA,540789
MISQUITA,542801
GINISILK,531744
PBAINFRA,532676
EDUCOMP,532696
DLTNCBL,504240
VIPPYSP,514302
11MPD,543175
TRIVENIENT,538569
MANJEERA,533078
BGWTATO,504646
ORIBEVER,507690
PRAGBOS,500192
PRIMAGR,519262
BHARAT,511501
RAINBOWDQ,532441
DEVINE,531585
SOVERDIA,523826
VCU,536672
VIDLI,539659
KMFBLDR,531578
BHAGCHEM,531719
HINDMILL,509895
BETXIND,512477
VISIONCO,531668
HARYNACAP,532855
RUNGTAIR,530449
ACME,539391
NGIND,530897
LWSKNIT,531402
RLF,512618
CREATIVEYE,532392
COLINZ,531210
CORALAB,524506
MAHAPEXLTD,523384
STARDELTA,539255
AKASHDEEP,538778
LOHIASEC,590082
SEJAL,532993
FERVENTSYN,533896
ADITYA,513513
GARWAMAR,509563
LIMECHM,507759
VICTMILL,503349
ASIANHOTNR,500023
SKYIND,526479
KARMAENG,533451
PVVINFRA,536659
HISARMET,590018
RIDINGS,541151
CHEMTECH,537326
AJEL,530713
RRIL,531307
KEYFINSER,512597
SPENTEX,521082
SIBARAUT,520141
UPASAFN,511764
WALLFORT,532053
SABOOBR,530267
ALAN SCOTT,539115
AMBITION,539223
SNIM,539911
SUMERUIND,530445
INDBNK,523465
INDOEURO,524458
TGBHOTELS,532845
TRANSFD,519367
ADDIND,507852
KAYCEEI,504084
BOMBCYC,501430
ASHOKALC,524594
TELECANOR,530595
BRAWN,530207
ICICINXT50,541809
DGL,542155
ICSL,539149
SREEL,535601
MEL,538834
NIEHSPL,542846
MPL,526143
UNJHAFOR,531762
POLYCHEM,506605
FINKURVE,508954
CNIRESLTD,512018
TRANSFRE,513063
RISHITECH,523021
NOGMIND,526195
SKCIL,530977
RAJOIL,533093
CSL,538868
BENARA,541178
RAGHUNAT,526813
ADVANIHOTR,523269
ZODJRDMKJ,512587
JAIPAN,505840
AMRITCORP,507525
IRONWOOD,508918
KUSHIND,514240
INDLMETER,517571
MUKESHB,530341
RAUNAQEPC,537840
ARAMBHAN,539403
IFINSEC,535667
GOTHIPL,531111
VJTFEDU,509026
KAIRA,504840
GOLDCORP,505576
TCIFINANCE,501242
HARLETH,524080
GREENCREST,531737
SHVFL,532007
NATPLASTI,531287
KERNEX,532686
ALPINEHOU,526519
UNIQUEO,530997
EMERALL,507265
TAAZAINT,537392
POLYMAC,537573
TRL,541228
NIEHSPG,542843
NOVATEOR,542771
KAVVERITEL,590041
SONAL,538943
AINFRA,539620
NIBL,535458
GUJCMDS,506640
WENDT,505412
RAJSREESUG,500354
BKV,519500
MITSHI,523782
MAYUR,531680
CCLINTER,531900
KINETRU,531274
KUWERIN,530421
RAJTUBE,530253
SHRIKRISH,531080
STARLOG,520155
DHINDIA,517514
HARIAEXPO,512604
APOORVA,539545
TREEHOUSE,533540
SSWRL,513488
RELICTEC,511712
LXMIATO,505302
MPAGI,506543
RAMAVISION,523289
ORIENTLTD,526325
NOVAPUB,530733
KIDUJA,507946
SWADPOL,503816
CHRTEDCA,511696
SEL,509423
KALYANIFRG,513509
DELPHIFX,533452
MSL,539275
ATHCON,539099
11DPD,543186
MOM50,590115
HARISH,542682
RBL,532987
BOMBWIR,504648
JOSTS,505750
SIPL,526839
SOFTSOL,532344
GGDANDE,505250
KRIFILIND,500248
NIRAVCOM,512425
NITINCAST,508875
INCAP,517370
JAIHINDS,514312
SAMYAKINT,530025
ARYAMAN,530245
ADARSHPL,526711
SADHNA,540821
ABSLBANETF,542863
PCCOSMA,524136
MONGIPA,530167
NATGENI,531651
ABCINDQ,520123
JATALIA,519319
KKFIN,503669
REFNOL,530815
PEARLPOLY,523260
MANXT50ETF,542922
COX&KINGS,533144
UNITDCR,531091
PREMCAP,511016
YASHRAJC,530063
ARUNIS,526935
RAJINFRA,526823
SILVOAK,531635
SHREMETAL,531962
SIPTL,539584
AXISHETF,543348
JFL,540850
YSL,540980
PARMAX,540359
MAHKTECH,543414
AHLEAST,533227
GRAVITY,532015
GLOBALCA,530263
CEETAIN,514171
PARMCOS-B,507970
RIGASUG,507508
GUJRAFIA,523836
SUJALA,539117
SAB,539112
ICICIALPLV,543219
NIEHSPE,542841
LAHL,540026
HBESD,532334
PGINDST,531281
KAMADGIRI,514322
OTCO,523151
TIMESGTY,511559
ACROW,513149
BEMHY,522650
SARTHAKIND,531930
VIJAYTX,530151
PROCLB,540703
ICICIAUTO,543450
NORRIS,524414
CINDRELL,531283
PRIMAIN,531246
VJLAXMIE,522267
CJGEL,507515
TOKYOPLAST,500418
ASHAI,519174
CREST,511413
PRIMEPRO,530695
SMSLIFE,540679
MILEFUR,541337
VFL,537820
BPCAP,536965
NETFNIF100,537483
HAWAENG,539176
REGENCY,540175
ICICIPHARM,543292
STRLGUA,508963
GUJINTRX,517372
KJMCFIN,530235
TRABI,526139
DUKEOFS,531471
MASPTOP50,543365
08MPD,543144
BNL,539546
BURNPUR,532931
WELCURE,524661
SAYAJIHOTL,523710
RICHUNV,530271
PAOS,530291
SHGANEL,530797
VINYOFL,530401
NEELKAN,531049
WILLAMAGOR,519224
CRANEX,522001
TAINWALCHM,507785
INFORTEC,504810
SHRISTI,511411
GOWRALE,530709
TCMLMTD,524156
ACESOFT,531525
GOKAKTEX,532957
MAHESH,542677
UNICK,541503
NIVAKA,542206
PECOS,539273
SSPNFIN,539026
AICHAMP,532806
PHYTO,524808
STDSFAC,526231
CEEJAY,530789
INTECCAP,526871
HOWARHO,526761
DUROPACK,526355
WWALUM,526525
GORANIN,531608
TRICOMFRU,531716
UNIROYAL,521226
ALFATRAN,517546
MADHAV,515093
AEPL,542670
NIEHSPH,542844
SUNDRMBRAK,590072
11AGG,543181
MACH,541973
THOMASCOTT,533941
KANDAGIRI,521242
ICDSLTD,511194
SRIND,513515
BERYLSE,531582
EUROLED,526468
STRGRENWO,526500
METALCO,531810
ADINATH,514113
USHAKIRA,511507
PANELEC,517397
HBANKETF,543224
ICICISENSX,555555
CDG,534796
MONEYBOXX,538446
GLITTEKG,513528
SPECTRA,513687
RAVALSUGAR,507300
CONTCHM,506935
LAKPRE,506079
OILCOUNTUB,500313
ENIL,532700
MPDL,532723
LONTE,526568
ARENTERP,526662
INFRAIND,530777
INDOASIAF,530747
TYROON,526945
INDUSFINL,531841
CAPRO,507486
ELANGO,513452
GUJCRED,511441
WSFIN,511147
HBLEAS,508956
WESTLEIRES,538382
SBRANDS,540782
CHANDRIMA,540829
RCRL,534708
INDCTST,532001
SKPSEC,531169
PHRMASI,523620
KUNSTOFF,523594
PROMACT,526494
BLOOM,526225
ECOPLAST,526703
ADIEXRE,532056
NUTECGLOB,531304
ALCHCORP,531409
GENUSPRIME,532425
SILINV,521194
SOMATEX,521034
AJCON,511692
NNTL,512279
STANROS,506105
MANUGRAPH,505324
VAARAD,532320
REALECO,530053
SAINIK,530265
ELLORATRAD,542803
ADL,543231
ICICIMCAP,539980
OLPCL,534190
NIRAJ,532986
TARAI,519285
AHMDSTE,522273
SIEL,519234
NATPLY,516062
SHKARTP,516106
BALTE,520127
IITL,501295
MARGOFIN,500206
VIRAT,530521
LIPPISYS,526604
ARYAVAN,539455
SMLT,540393
ABSLNN50ET,542230
NIEHSPI,542817
UTISXN50,542513
MAMFGETF,543454
MRSS,539229
INFRONICS,537985
JAYATMA,539005
POLOHOT,526687
ANNAINFRA,530799
SPSINT,530177
RELIABVEN,532124
PASUSPG,503092
VADILENT,519152
SRDAPRT,519242
ZENITHEXPO,512553
DHANCOT,512485
THACKER,509945
IBRIGST,504731
PANKAJPO,531280
KEMISTAR,531163
TINEAGRO,531205
PHOTOQUP,526588
ASHRAM,526187
BERLDRG,524606
MINID,523373
PANACHE,538742
GTV,539479
SIMPLXMIL,533018
DSPQ50ETF,543438
OCEANIC,540405
PURPLE,540159
MNIL,539767
VISIONCINE,526441
KIRANPR,531413
VAGHANI,531676
SAMINDUS,532005
SHIVAGR,522237
LIBORDFIN,511593
TRINITYLEA,531846
JDORGOCHEM,524592
KEL,539599
KARNAVATI,538928
VANICOM,538918
JAINMARMO,539119
GLCL,540266
SELMCL,532886
SAMBHAAV,511630
SAHARAHOUS,511533
MODRNSH,509760
MULLER,501477
GUJPETR,506858
INTRGLB,511391
GUJCONT,513507
CELLA,532701
GANGAPA,531813
HINDBIO,532041
TOKYOFIN,531644
SSPDL,530821
GARODCH,530161
11GPG,543174
SHARIABEES,590109
MAN50ETF,542131
DDIL,539559
KIRANSY-B,530443
ORGCOAT,531157
FISCHER,524743
MADHUSE,511000
DHANFAB,521151
GARWSYN,514400
INDIANVSH,501700
MOTOGENFIN,501343
NMSRESRC,522289
SUPERBAK,530735
GSLSEC,530469
TPROJECT,538464
TINNATFL,541741
CAREERP,533260
YURANUS,536846
DYNAMICP,530779
PRANAVSP,531172
SUNRAJDI,523425
ESARIND,531502
GOLECHA,531360
BERVINL,531340
TRISHAKT,531279
PIONDIST,531879
SUGALDAM,511654
INDLEASE,500202
ENVAIREL,500246
SIMPLXREA,503229
GOLKONDA,513309
STCORP,514197
BRIJLEAS,532113
ATHARVENT,530187
FUNDVISER,530197
QGO,538646
ALFL,538952
AAYUSH,539528
DITCO,539405
LICNETFN50,539480
MAXHEIGHTS,534338
SHREEPAC,527005
SANDESH,526725
ERPSOFT,530909
YORKEXP,530675
ABHICAP,532057
OPTIFIN,531254
HASTIFIN,531387
PRIMIND,519299
MILLENNIUM,511187
MANSIFIN,511758
HISARSP,521068
THAMBBI,514484
DYNAVSN,517238
RASSIREF,502271
EASTBUILD,507917
ADROITINFO,532172
CARNATIN,530609
ASHOKRE,526983
LORDSHOTL,530065
APIL,523896
SHHARICH,524336
SSORGS,524636
TRIMURTHI,536565
TTIL,539040
GENERAAGRI,541999
SUPRAP,540168
ASYL,539982
BSLSENETFG,540008
PALASHSEC,540648
NIESSPJ,542804
IWEL,543297
RADAAN,590070
SHUKJEW,523790
SUBSM,530231
VAMSHIRU,530369
GKCONS,531758
SKRABUL,531506
ZMULTIPU,504356
JAYUSH,513252
MAHALXSE,513460
MEGLON,511367
JAINEX,505212
SOLIDCO,502460
RASRESOR,507966
ELAND,532820
RAJTV,532826
21STCENMGM,526921
ASHISHPO,530429
SCAGRO,526081
MONQ50,543437
NIESSPC,542808
GCMCAPI,538319
UMIYA,539798
SAMRATFORG,543229
11AMD,543182
RALEGRA,526095
JAUSPOL,526001
INANI,531129
TAVERNIER,531190
JAINSTUDIO,532033
BRADYM,505690
DSINVEST,501148
SOUTHMG,513498
SITAENT,512589
REMIEDEL,513043
NIDHGRN,512103
SANPA,516096
SURFI,519604
KZLFIN,511728
HARDCAS,509597
TECHNVISN,501421
TULIVE,505285
OLYOI,507609
RISHDIGA,531539
SUNGOLD,531433
RADIXIND,531412
PARAGONF,531255
ANERI,531252
CRSTCHM,526269
IOSYSTEM,523752
ICICIFMCG,543326
KAPILRAJ,539679
WORTH,538451
NORTHLINK,539110
BFLAFL,539662
WELINV,533252
NIEHSPJ,542845
MTPL,540254
COLORCHIPS,540023
RATNABHUMI,540796
QNIFTY,590110
KKPLASTICK,523652
UNIOFFICE,523519
SSLFINANCE,530565
GRATEXI,526751
RANDER,531228
SYTIXSE,531432
VIKALPS,531334
INANISEC,531672
WIREFABR,507817
GSBFIN,511543
REGTRUS,511585
VBDESAI,511110
SHAHFOOD,519031
ZKHANDEN,519064
RICHIRICH,519230
SOUTLAT,514454
SARUPINDUS,514412
NKIND,519494
VISVEN,512064
SAHARA,503691
SKPMIL,500388
SICL,531640
MARUTISE,531319
SHAMROIN,531240
JAYIND,531323
SANTOSHF,530035
DBSTOCKBRO,530393
GARGFUR,530615
EKAMLEA,530581
MENAMANI,531127
SIPIND,523164
SDL,524727
IDFSENSEXE,540154
SALEM,540181
NIESSPE,542837
OCTAVIUSPL,542938
DSPN50ETF,543440
LICNFNHGP,539784
PANORAMA,539469
FRUTION,538568
CRANEINFRA,538770
BFFL,539120
ABHIFIN,538935
HILIKS,539697
VISCO,540097
ARHNTTO,526125
SALGUTI,526554
EPSOMPRO,531155
ARISE,531017
VINTAGES,531051
UNQTYMI,526799
RAJGASES,526873
INTCAPM,531314
PADAMCO,531395
ANSINDUS,531406
CONTICON,531460
AUTOPINS,531994
KACL,531780
MPILCORPL,500450
LERTHAI,502250
PANKAJPIYUS,506122
SYNTHFO,513307
SOLIDSTON,513699
COARO,520131
ADVLIFE,521048
ZBINTXPP,523054
SARDAPPR,516032
SANCTRN,523116
TNSTLTU,513540
VALLABHSQ,513397
STEPHANOTIS,512215
ABCGAS,513119
MEHIF,511377
NIMBSPROJ,511714
JOYREALTY,508929
EMERGENT,506180
KHODAY,507435
VAPIPPR,502589
UNITEDINT,502893
GANHOLD,504397
WHBRADY,501391
JAYBHCR,501311
MIDINDIA,500277
IITLPROJ,531968
FRONTCORP,532042
NOUVEAU,531465
OMKAR,531496
ROSELABS,531324
HRMNYCP,530055
LIBORD,531027
ASIAPAK,530899
WELLNESS,531211
EXPLICITFIN,530571
UNRYLMA,526113
SHUKRAPHAR,524632
KAMRLAB,524604
RIDDHICORP,540590
ICICICONSU,543383
AXISCETF,543357
11QPD,543177
KRISHNACAP,539384
SHRINIWAS,538897
PALCO,539121
RCCL,538707
SEATV,533268
CHLLTD,532992
PURSHOTTAM,538647
SUCHITRA,538714
SOFCOM,538923
NEXUSSURGL,538874
NEERAJ,539409
HELPAGE,539174
RAJKOTINV,539495
ABHIINFRA,539544
11MPR,543176
11DPR,543173
GOLDENCREST,540062
SIFL,540211
SHASHIJIT,540147
BAZELINTER,539946
NETRIPPLES,542117
PHOSPHATE,542123
IPRU3168,541804
IPRU3143,541672
PARKERAC,524628
YASHINNO,523650
PRIYALT,524580
INLANPR,530787
BNRUDY,530809
ABVL,530881
HEMANG,531178
BRANDREAL,531203
EPIC,530407
LEADFIN,531288
NIKKIGL,531272
ESHAMEDIA,531259
PROGREXV,531265
GUJINV,531341
STEP2COR,531509
AROMAENT,531560
THIRDFIN,531652
MUNOTHFI,531821
KJMCCORP,532304
SHBHAWPA,502563
AMALGAM,501622
RAJSPTR,506975
MEHSECU,511738
DHARFIN,511451
PARSHWANA,511176
SILVERO,512197
SHANTAI,512297
KONARKSY,514128
FUTURSEC,523113